title, source
방탄소년단 'PTD'도 넘겼다…18번째 3억뷰,뉴시스
방탄소년단 콜드플레이 크리스 마틴과 특급 만남,YTN
방탄소년단 병역 특례 논의조자 안 돼…'BTS 병역법' 11월 재논의,한국경제언론사 선정
레모나에 이어 자일리톨도…방탄소년단 멤버별 한정판 모아볼까,한국경제
방탄소년단 4회 연속 최우수 가수상→김소현 2관왕 영예[한국방송대상][종합],스타뉴스
“방탄소년단 광고 시트콤 보러 오세요!”,문화일보
방탄소년단 日 오리콘 누적 100만 포인트…해외 아티스트 최초,매일경제
방탄소년단도 소외된 병역 혜택...'병역법 개정안' 통과될까?,SBS연예뉴스
방탄소년단 '퍼미션 투 댄스' MV 3억 뷰 돌파... 통산 18번째 기록,스타데일리뉴스
방탄소년단 'Butter' 빌보드 핫100 1위 재탈환…통산 10번째,더팩트
방탄소년단 'PTD'도 넘겼다…18번째 3억뷰,뉴시스
방탄소년단 콜드플레이 크리스 마틴과 특급 만남,YTN
방탄소년단 병역 특례 논의조자 안 돼…'BTS 병역법' 11월 재논의,한국경제언론사 선정
레모나에 이어 자일리톨도…방탄소년단 멤버별 한정판 모아볼까,한국경제
방탄소년단 4회 연속 최우수 가수상→김소현 2관왕 영예[한국방송대상][종합],스타뉴스
“방탄소년단 광고 시트콤 보러 오세요!”,문화일보
방탄소년단 日 오리콘 누적 100만 포인트…해외 아티스트 최초,매일경제
방탄소년단도 소외된 병역 혜택...'병역법 개정안' 통과될까?,SBS연예뉴스
방탄소년단 '퍼미션 투 댄스' MV 3억 뷰 돌파... 통산 18번째 기록,스타데일리뉴스
방탄소년단 'Butter' 빌보드 핫100 1위 재탈환…통산 10번째,더팩트
방탄소년단 'PTD'도 넘겼다…18번째 3억뷰,뉴시스
방탄소년단 콜드플레이 크리스 마틴과 특급 만남,YTN
방탄소년단 병역 특례 논의조자 안 돼…'BTS 병역법' 11월 재논의,한국경제언론사 선정
레모나에 이어 자일리톨도…방탄소년단 멤버별 한정판 모아볼까,한국경제
방탄소년단 4회 연속 최우수 가수상→김소현 2관왕 영예[한국방송대상][종합],스타뉴스
“방탄소년단 광고 시트콤 보러 오세요!”,문화일보
방탄소년단 日 오리콘 누적 100만 포인트…해외 아티스트 최초,매일경제
방탄소년단도 소외된 병역 혜택...'병역법 개정안' 통과될까?,SBS연예뉴스
방탄소년단 '퍼미션 투 댄스' MV 3억 뷰 돌파... 통산 18번째 기록,스타데일리뉴스
방탄소년단 'Butter' 빌보드 핫100 1위 재탈환…통산 10번째,더팩트
방탄소년단 'PTD'도 넘겼다…18번째 3억뷰,뉴시스
방탄소년단 콜드플레이 크리스 마틴과 특급 만남,YTN
방탄소년단 병역 특례 논의조자 안 돼…'BTS 병역법' 11월 재논의,한국경제언론사 선정
레모나에 이어 자일리톨도…방탄소년단 멤버별 한정판 모아볼까,한국경제
방탄소년단 4회 연속 최우수 가수상→김소현 2관왕 영예[한국방송대상][종합],스타뉴스
“방탄소년단 광고 시트콤 보러 오세요!”,문화일보
방탄소년단 日 오리콘 누적 100만 포인트…해외 아티스트 최초,매일경제
방탄소년단도 소외된 병역 혜택...'병역법 개정안' 통과될까?,SBS연예뉴스
방탄소년단 '퍼미션 투 댄스' MV 3억 뷰 돌파... 통산 18번째 기록,스타데일리뉴스
방탄소년단 'Butter' 빌보드 핫100 1위 재탈환…통산 10번째,더팩트
방탄소년단 'PTD'도 넘겼다…18번째 3억뷰,뉴시스
방탄소년단 콜드플레이 크리스 마틴과 특급 만남,YTN
방탄소년단 병역 특례 논의조자 안 돼…'BTS 병역법' 11월 재논의,한국경제언론사 선정
레모나에 이어 자일리톨도…방탄소년단 멤버별 한정판 모아볼까,한국경제
방탄소년단 4회 연속 최우수 가수상→김소현 2관왕 영예[한국방송대상][종합],스타뉴스
“방탄소년단 광고 시트콤 보러 오세요!”,문화일보
방탄소년단 日 오리콘 누적 100만 포인트…해외 아티스트 최초,매일경제
방탄소년단도 소외된 병역 혜택...'병역법 개정안' 통과될까?,SBS연예뉴스
방탄소년단 '퍼미션 투 댄스' MV 3억 뷰 돌파... 통산 18번째 기록,스타데일리뉴스
방탄소년단 'Butter' 빌보드 핫100 1위 재탈환…통산 10번째,더팩트
방탄소년단 'PTD'도 넘겼다…18번째 3억뷰,뉴시스
방탄소년단 콜드플레이 크리스 마틴과 특급 만남,YTN
방탄소년단 병역 특례 논의조자 안 돼…'BTS 병역법' 11월 재논의,한국경제언론사 선정
레모나에 이어 자일리톨도…방탄소년단 멤버별 한정판 모아볼까,한국경제
방탄소년단 4회 연속 최우수 가수상→김소현 2관왕 영예[한국방송대상][종합],스타뉴스
“방탄소년단 광고 시트콤 보러 오세요!”,문화일보
방탄소년단 日 오리콘 누적 100만 포인트…해외 아티스트 최초,매일경제
방탄소년단도 소외된 병역 혜택...'병역법 개정안' 통과될까?,SBS연예뉴스
방탄소년단 '퍼미션 투 댄스' MV 3억 뷰 돌파... 통산 18번째 기록,스타데일리뉴스
방탄소년단 'Butter' 빌보드 핫100 1위 재탈환…통산 10번째,더팩트
방탄소년단 'PTD'도 넘겼다…18번째 3억뷰,뉴시스
방탄소년단 콜드플레이 크리스 마틴과 특급 만남,YTN
방탄소년단 병역 특례 논의조자 안 돼…'BTS 병역법' 11월 재논의,한국경제언론사 선정
레모나에 이어 자일리톨도…방탄소년단 멤버별 한정판 모아볼까,한국경제
방탄소년단 4회 연속 최우수 가수상→김소현 2관왕 영예[한국방송대상][종합],스타뉴스
“방탄소년단 광고 시트콤 보러 오세요!”,문화일보
방탄소년단 日 오리콘 누적 100만 포인트…해외 아티스트 최초,매일경제
방탄소년단도 소외된 병역 혜택...'병역법 개정안' 통과될까?,SBS연예뉴스
방탄소년단 '퍼미션 투 댄스' MV 3억 뷰 돌파... 통산 18번째 기록,스타데일리뉴스
방탄소년단 'Butter' 빌보드 핫100 1위 재탈환…통산 10번째,더팩트
방탄소년단 'PTD'도 넘겼다…18번째 3억뷰,뉴시스
방탄소년단 콜드플레이 크리스 마틴과 특급 만남,YTN
방탄소년단 병역 특례 논의조자 안 돼…'BTS 병역법' 11월 재논의,한국경제언론사 선정
레모나에 이어 자일리톨도…방탄소년단 멤버별 한정판 모아볼까,한국경제
방탄소년단 4회 연속 최우수 가수상→김소현 2관왕 영예[한국방송대상][종합],스타뉴스
“방탄소년단 광고 시트콤 보러 오세요!”,문화일보
방탄소년단 日 오리콘 누적 100만 포인트…해외 아티스트 최초,매일경제
방탄소년단도 소외된 병역 혜택...'병역법 개정안' 통과될까?,SBS연예뉴스
방탄소년단 '퍼미션 투 댄스' MV 3억 뷰 돌파... 통산 18번째 기록,스타데일리뉴스
방탄소년단 'Butter' 빌보드 핫100 1위 재탈환…통산 10번째,더팩트
방탄소년단 'PTD'도 넘겼다…18번째 3억뷰,뉴시스
방탄소년단 콜드플레이 크리스 마틴과 특급 만남,YTN
방탄소년단 병역 특례 논의조자 안 돼…'BTS 병역법' 11월 재논의,한국경제언론사 선정
레모나에 이어 자일리톨도…방탄소년단 멤버별 한정판 모아볼까,한국경제
방탄소년단 4회 연속 최우수 가수상→김소현 2관왕 영예[한국방송대상][종합],스타뉴스
“방탄소년단 광고 시트콤 보러 오세요!”,문화일보
방탄소년단 日 오리콘 누적 100만 포인트…해외 아티스트 최초,매일경제
방탄소년단도 소외된 병역 혜택...'병역법 개정안' 통과될까?,SBS연예뉴스
방탄소년단 '퍼미션 투 댄스' MV 3억 뷰 돌파... 통산 18번째 기록,스타데일리뉴스
방탄소년단 'Butter' 빌보드 핫100 1위 재탈환…통산 10번째,더팩트
방탄소년단 'PTD'도 넘겼다…18번째 3억뷰,뉴시스
방탄소년단 콜드플레이 크리스 마틴과 특급 만남,YTN
방탄소년단 병역 특례 논의조자 안 돼…'BTS 병역법' 11월 재논의,한국경제언론사 선정
레모나에 이어 자일리톨도…방탄소년단 멤버별 한정판 모아볼까,한국경제
방탄소년단 4회 연속 최우수 가수상→김소현 2관왕 영예[한국방송대상][종합],스타뉴스
“방탄소년단 광고 시트콤 보러 오세요!”,문화일보
방탄소년단 日 오리콘 누적 100만 포인트…해외 아티스트 최초,매일경제
방탄소년단도 소외된 병역 혜택...'병역법 개정안' 통과될까?,SBS연예뉴스
방탄소년단 '퍼미션 투 댄스' MV 3억 뷰 돌파... 통산 18번째 기록,스타데일리뉴스
방탄소년단 'Butter' 빌보드 핫100 1위 재탈환…통산 10번째,더팩트
